SPT6-1-30-IP	CCATACAC
SPT6-2-30-IP	GTCTACAT
SPT6-2-HU-IP	GAGTTAAC
SPT6-3-30-IP	ATCCTATTC
SPT6-3-HU-IP	CGGACGTGG
spt6YW-1-30-IP	GCAGCCTC
spt6YW-1-HU-IP	TCGCGTAC
spt6YW-2-30-IP	TATACCGT
spt6YW-2-HU-IP	TGCGGTTA
spt6YW-3-30-IP	GCGTTTCGA
spt6YW-3-HU-IP	TATCTCCG
spt650-1-30-IP	AACACCTAC
spt650-1-HU-IP	CCTTTACAG
spt650-2-30-IP	GGTCCTTGA
spt650-2-HU-IP	TTGAGTGT
spt650-4-30-IP	ACAGTGCAC
spt650-4-HU-IP	CACAGTTGG
DMSO-1-30-IP	ATCACG
IAA-1-30-IP	CGATGT
DMSO-1-HU-IP	TTAGGC
IAA-1-HU-IP	TGACCA
DMSO-4-30-IP	GATCAG
IAA-4-30-IP	TAGCTT
DMSO-4-HU-IP	GGCTAC
IAA-4-HU-IP	CTTGTA
SPT6-1-30-input	ACTAACTGC
SPT6-2-30-input	GTTGTCCCA
SPT6-2-HU-input	TGACGCAT
SPT6-3-30-input	GGCAGACGA
SPT6-3-HU-input	TTCTGATG
spt6YW-1-30-input	ATCGCCAGC
spt6YW-1-HU-input	CATTCCAAG
spt6YW-2-30-input	GCAAGTAGA
spt6YW-2-HU-input	TGATCCGA
spt6YW-3-30-input	AGTAGTGGC
spt6YW-3-HU-input	CTAGTCATG
spt650-1-30-input	ACGTAGCTC
spt650-1-HU-input	CGAACTGTG
spt650-2-30-input	TAGCTAGTA
spt650-2-HU-input	GTGGGATA
spt650-4-30-input	GACACTCTA
spt650-4-HU-input	TCATTAGG
DMSO-1-30-input	ACAGTG
IAA-1-30-input	GCCAAT
DMSO-1-HU-input	CAGATC
IAA-1-HU-input	ACTTGA
DMSO-4-30-input	ATATAGGA
IAA-4-30-input	AACCGTGT
DMSO-4-HU-input	AGGTCAGT
IAA-4-HU-input	CTCTGTCT
